{"cameraMode":{"drawMode":0,"name":"Shaded","section":"Shading Mode"},"sceneLighting":false,"audioPlay":false,"sceneViewState":{"showFog":true,"showMaterialUpdate":false,"showSkybox":false,"showFlares":true,"showImageEffects":true,"showParticleSystems":true},"in2DMode":false,"pivot":{"x":40.10284423828125,"y":0.8962717652320862,"z":20.415481567382814},"rotation":{"x":0.679881751537323,"y":0.023953238502144815,"z":0.023619746789336206,"w":0.732552170753479},"size":6.971681118011475,"orthographic":true}