{"cameraMode":{"drawMode":0,"name":"Shaded","section":"Shading Mode"},"sceneLighting":true,"audioPlay":false,"sceneViewState":{"showFog":true,"showMaterialUpdate":false,"showSkybox":true,"showFlares":true,"showImageEffects":true,"showParticleSystems":true},"in2DMode":false,"pivot":{"x":0.7012577056884766,"y":0.6007351875305176,"z":-0.978888988494873},"rotation":{"x":0.679881751537323,"y":0.023953238502144815,"z":0.023619746789336206,"w":0.732552170753479},"size":22.0,"orthographic":true}