{"cameraMode":{"drawMode":0,"name":"Shaded","section":"Shading Mode"},"sceneLighting":false,"audioPlay":false,"sceneViewState":{"showFog":true,"showMaterialUpdate":false,"showSkybox":false,"showFlares":true,"showImageEffects":true,"showParticleSystems":true},"in2DMode":false,"pivot":{"x":40.10284423828125,"y":0.8962717652320862,"z":20.415481567382814},"rotation":{"x":-0.2889583110809326,"y":-0.39137154817581179,"z":0.13091778755187989,"w":-0.8638241291046143},"size":6.971681118011475,"orthographic":false}