{"cameraMode":{"drawMode":0,"name":"Shaded","section":"Shading Mode"},"sceneLighting":true,"audioPlay":false,"sceneViewState":{"showFog":true,"showMaterialUpdate":false,"showSkybox":false,"showFlares":true,"showImageEffects":true,"showParticleSystems":true},"in2DMode":false,"pivot":{"x":0.5447587966918945,"y":1.190000295639038,"z":0.21947240829467774},"rotation":{"x":-0.1963113695383072,"y":-0.5491412878036499,"z":0.1345641016960144,"w":-0.8011246919631958},"size":40.010372161865237,"orthographic":true}