{"cameraMode":{"drawMode":0,"name":"Shaded","section":"Shading Mode"},"sceneLighting":false,"audioPlay":false,"sceneViewState":{"showFog":true,"showMaterialUpdate":false,"showSkybox":false,"showFlares":true,"showImageEffects":true,"showParticleSystems":true},"in2DMode":false,"pivot":{"x":-0.000003159046173095703,"y":0.6047959923744202,"z":-0.10643026232719422},"rotation":{"x":-0.0793062299489975,"y":0.9187662601470947,"z":-0.30274680256843569,"w":-0.24067610502243043},"size":2.3968393802642824,"orthographic":false}