{"cameraMode":{"drawMode":0,"name":"Shaded","section":"Shading Mode"},"sceneLighting":true,"audioPlay":false,"sceneViewState":{"showFog":true,"showMaterialUpdate":false,"showSkybox":false,"showFlares":true,"showImageEffects":true,"showParticleSystems":true},"in2DMode":false,"pivot":{"x":4.930999755859375,"y":1.6079998016357422,"z":-0.14499950408935548},"rotation":{"x":-0.13676151633262635,"y":-0.334052175283432,"z":0.04905586317181587,"w":-0.9312896728515625},"size":12.630098342895508,"orthographic":true}