{"cameraMode":{"drawMode":0,"name":"Shaded","section":"Shading Mode"},"sceneLighting":true,"audioPlay":false,"sceneViewState":{"showFog":true,"showMaterialUpdate":false,"showSkybox":false,"showFlares":true,"showImageEffects":true,"showParticleSystems":true},"in2DMode":false,"pivot":{"x":4.830999374389648,"y":1.5960001945495606,"z":-0.1379985809326172},"rotation":{"x":-0.19993536174297334,"y":-0.014110547490417958,"z":0.0028841716703027488,"w":-0.9797186851501465},"size":9.564896583557129,"orthographic":true}