{"cameraMode":{"drawMode":0,"name":"Shaded","section":"Shading Mode"},"sceneLighting":false,"audioPlay":false,"sceneViewState":{"showFog":true,"showMaterialUpdate":false,"showSkybox":false,"showFlares":true,"showImageEffects":true,"showParticleSystems":true},"in2DMode":false,"pivot":{"x":-0.04345059394836426,"y":0.33991238474845889,"z":-0.005146324634552002},"rotation":{"x":-0.0793062299489975,"y":0.9187662601470947,"z":-0.30274680256843569,"w":-0.24067610502243043},"size":5.027159214019775,"orthographic":false}