{"cameraMode":{"drawMode":0,"name":"Shaded","section":"Shading Mode"},"sceneLighting":true,"audioPlay":false,"sceneViewState":{"showFog":true,"showMaterialUpdate":false,"showSkybox":false,"showFlares":true,"showImageEffects":true,"showParticleSystems":true},"in2DMode":false,"pivot":{"x":-3.999999761581421,"y":1.1399998664855958,"z":-0.1919999122619629},"rotation":{"x":-0.1963113695383072,"y":-0.5491412878036499,"z":0.1345641016960144,"w":-0.8011246919631958},"size":28.00726318359375,"orthographic":true}