{"cameraMode":{"drawMode":0,"name":"Shaded","section":"Shading Mode"},"sceneLighting":true,"audioPlay":false,"sceneViewState":{"showFog":true,"showMaterialUpdate":false,"showSkybox":false,"showFlares":true,"showImageEffects":true,"showParticleSystems":true},"in2DMode":false,"pivot":{"x":5.065999984741211,"y":1.256000280380249,"z":-0.2799997329711914},"rotation":{"x":-0.199358731508255,"y":0.07546553015708924,"z":-0.015400752425193787,"w":-0.9768960475921631},"size":40.010372161865237,"orthographic":true}