{"cameraMode":{"drawMode":0,"name":"Shaded","section":"Shading Mode"},"sceneLighting":true,"audioPlay":false,"sceneViewState":{"showFog":true,"showMaterialUpdate":false,"showSkybox":false,"showFlares":true,"showImageEffects":true,"showParticleSystems":true},"in2DMode":false,"pivot":{"x":-0.0007066726684570313,"y":1.255000114440918,"z":0.0303955078125},"rotation":{"x":-0.3397071957588196,"y":-0.03187638521194458,"z":0.0115237757563591,"w":-0.9399311542510986},"size":74.85710144042969,"orthographic":true}