{"cameraMode":{"drawMode":0,"name":"Shaded","section":"Shading Mode"},"sceneLighting":true,"audioPlay":false,"sceneViewState":{"showFog":true,"showMaterialUpdate":false,"showSkybox":false,"showFlares":true,"showImageEffects":true,"showParticleSystems":true},"in2DMode":false,"pivot":{"x":-1.2069272994995118,"y":0.8000001907348633,"z":4.117938995361328},"rotation":{"x":-0.13676151633262635,"y":-0.334052175283432,"z":0.04905586317181587,"w":-0.9312896728515625},"size":7.826142311096191,"orthographic":true}