{"cameraMode":{"drawMode":0,"name":"Shaded","section":"Shading Mode"},"sceneLighting":true,"audioPlay":false,"sceneViewState":{"showFog":true,"showMaterialUpdate":false,"showSkybox":false,"showFlares":true,"showImageEffects":true,"showParticleSystems":true},"in2DMode":false,"pivot":{"x":5.350000381469727,"y":2.1199989318847658,"z":-1.1100006103515626},"rotation":{"x":-0.19993536174297334,"y":-0.014110547490417958,"z":0.0028841716703027488,"w":-0.9797186851501465},"size":120.0311279296875,"orthographic":true}