{"cameraMode":{"drawMode":0,"name":"Shaded","section":"Shading Mode"},"sceneLighting":true,"audioPlay":false,"sceneViewState":{"showFog":true,"showMaterialUpdate":false,"showSkybox":false,"showFlares":true,"showImageEffects":true,"showParticleSystems":true},"in2DMode":false,"pivot":{"x":-0.17496204376220704,"y":0.7699999809265137,"z":0.6529660224914551},"rotation":{"x":0.28662773966789248,"y":-0.4479203522205353,"z":0.15417516231536866,"w":0.8327324986457825},"size":32.00830078125,"orthographic":false}