{"cameraMode":{"drawMode":0,"name":"Shaded","section":"Shading Mode"},"sceneLighting":true,"audioPlay":false,"sceneViewState":{"showFog":true,"showMaterialUpdate":false,"showSkybox":false,"showFlares":true,"showImageEffects":true,"showParticleSystems":true},"in2DMode":false,"pivot":{"x":4.930999755859375,"y":1.6079998016357422,"z":-0.14499950408935548},"rotation":{"x":-0.19993536174297334,"y":-0.014110547490417958,"z":0.0028841716703027488,"w":-0.9797186851501465},"size":80.02074432373047,"orthographic":true}