{"cameraMode":{"drawMode":0,"name":"Shaded","section":"Shading Mode"},"sceneLighting":false,"audioPlay":false,"sceneViewState":{"showFog":true,"showMaterialUpdate":false,"showSkybox":false,"showFlares":true,"showImageEffects":true,"showParticleSystems":true},"in2DMode":false,"pivot":{"x":0.4140625,"y":-1.3405044078826905,"z":-0.2714444696903229},"rotation":{"x":-0.09534027427434921,"y":0.21533836424350739,"z":-0.021129729226231576,"w":-0.971645712852478},"size":7.524316310882568,"orthographic":true}