{"cameraMode":{"drawMode":0,"name":"Shaded","section":"Shading Mode"},"sceneLighting":false,"audioPlay":false,"sceneViewState":{"showFog":true,"showMaterialUpdate":false,"showSkybox":false,"showFlares":true,"showImageEffects":true,"showParticleSystems":true},"in2DMode":false,"pivot":{"x":-0.3460655212402344,"y":1.3996025323867798,"z":0.9787859916687012},"rotation":{"x":-0.4227278232574463,"y":0.5769072771072388,"z":-0.48052480816841128,"w":-0.5075212717056274},"size":19.405689239501954,"orthographic":false}