{"cameraMode":{"drawMode":0,"name":"Shaded","section":"Shading Mode"},"sceneLighting":true,"audioPlay":false,"sceneViewState":{"showFog":true,"showMaterialUpdate":false,"showSkybox":false,"showFlares":true,"showImageEffects":true,"showParticleSystems":true},"in2DMode":false,"pivot":{"x":-0.14623260498046876,"y":1.2840003967285157,"z":0.5457477569580078},"rotation":{"x":0.2693522870540619,"y":0.1080600693821907,"z":-0.030430499464273454,"w":0.9564781785011292},"size":8.907076835632325,"orthographic":false}