{"cameraMode":{"drawMode":0,"name":"Shaded","section":"Shading Mode"},"sceneLighting":false,"audioPlay":false,"sceneViewState":{"showFog":true,"showMaterialUpdate":false,"showSkybox":false,"showFlares":true,"showImageEffects":true,"showParticleSystems":true},"in2DMode":false,"pivot":{"x":0.000843048095703125,"y":0.021580621600151063,"z":0.01959371566772461},"rotation":{"x":-0.0793062299489975,"y":0.9187662601470947,"z":-0.30274680256843569,"w":-0.24067610502243043},"size":3.922825574874878,"orthographic":false}