{"cameraMode":{"drawMode":0,"name":"Shaded","section":"Shading Mode"},"sceneLighting":true,"audioPlay":false,"sceneViewState":{"showFog":true,"showMaterialUpdate":false,"showSkybox":false,"showFlares":true,"showImageEffects":true,"showParticleSystems":true},"in2DMode":false,"pivot":{"x":0.194000244140625,"y":2.255000591278076,"z":4.708000183105469},"rotation":{"x":-0.13676151633262635,"y":-0.334052175283432,"z":0.04905586317181587,"w":-0.9312896728515625},"size":80.02074432373047,"orthographic":true}