{"cameraMode":{"drawMode":0,"name":"Shaded","section":"Shading Mode"},"sceneLighting":true,"audioPlay":false,"sceneViewState":{"showFog":true,"showMaterialUpdate":false,"showSkybox":false,"showFlares":true,"showImageEffects":true,"showParticleSystems":true},"in2DMode":false,"pivot":{"x":4.831999778747559,"y":1.7100000381469727,"z":9.5367431640625e-7},"rotation":{"x":-0.199358731508255,"y":0.07546553015708924,"z":-0.015400752425193787,"w":-0.9768960475921631},"size":60.01556396484375,"orthographic":true}