{"cameraMode":{"drawMode":0,"name":"Shaded","section":"Shading Mode"},"sceneLighting":true,"audioPlay":false,"sceneViewState":{"showFog":true,"showMaterialUpdate":false,"showSkybox":false,"showFlares":true,"showImageEffects":true,"showParticleSystems":true},"in2DMode":false,"pivot":{"x":1.0710039138793946,"y":-3.102144718170166,"z":1.154348373413086},"rotation":{"x":0.6463729739189148,"y":-0.010299807414412499,"z":0.008726579137146473,"w":0.7629026174545288},"size":65.04052734375,"orthographic":true}