{"cameraMode":{"drawMode":0,"name":"Shaded","section":"Shading Mode"},"sceneLighting":true,"audioPlay":false,"sceneViewState":{"showFog":true,"showMaterialUpdate":false,"showSkybox":true,"showFlares":true,"showImageEffects":true,"showParticleSystems":true},"in2DMode":false,"pivot":{"x":1.0525836944580079,"y":2.409390449523926,"z":2.3987278938293459},"rotation":{"x":-0.192420095205307,"y":-0.49338477849960329,"z":0.11292107403278351,"w":-0.8407151699066162},"size":20.406522750854493,"orthographic":false}