{"cameraMode":{"drawMode":0,"name":"Shaded","section":"Shading Mode"},"sceneLighting":true,"audioPlay":false,"sceneViewState":{"showFog":true,"showMaterialUpdate":false,"showSkybox":false,"showFlares":true,"showImageEffects":true,"showParticleSystems":true},"in2DMode":false,"pivot":{"x":0.0,"y":1.4900000095367432,"z":-2.384185791015625e-7},"rotation":{"x":0.6974771618843079,"y":0.005374360363930464,"z":-0.005231178365647793,"w":0.7165679335594177},"size":15.570828437805176,"orthographic":false}