{"cameraMode":{"drawMode":0,"name":"Shaded","section":"Shading Mode"},"sceneLighting":false,"audioPlay":false,"sceneViewState":{"showFog":true,"showMaterialUpdate":false,"showSkybox":false,"showFlares":true,"showImageEffects":true,"showParticleSystems":true},"in2DMode":false,"pivot":{"x":0.04999999701976776,"y":-0.009999990463256836,"z":-10.529999732971192},"rotation":{"x":0.19021417200565339,"y":0.013253347016870976,"z":-0.0025678975507616998,"w":0.9816502928733826},"size":1.2124969959259034,"orthographic":true}