{"cameraMode":{"drawMode":0,"name":"Shaded","section":"Shading Mode"},"sceneLighting":false,"audioPlay":false,"sceneViewState":{"showFog":true,"showMaterialUpdate":false,"showSkybox":false,"showFlares":true,"showImageEffects":true,"showParticleSystems":true},"in2DMode":false,"pivot":{"x":41.310001373291019,"y":0.9027763605117798,"z":26.944171905517579},"rotation":{"x":0.47307857871055605,"y":0.018498893827199937,"z":-0.00993525329977274,"w":0.8807741403579712},"size":0.5715746879577637,"orthographic":true}