{"cameraMode":{"drawMode":0,"name":"Shaded","section":"Shading Mode"},"sceneLighting":false,"audioPlay":false,"sceneViewState":{"showFog":true,"showMaterialUpdate":false,"showSkybox":false,"showFlares":true,"showImageEffects":true,"showParticleSystems":true},"in2DMode":false,"pivot":{"x":40.09086990356445,"y":0.8962717652320862,"z":20.415481567382814},"rotation":{"x":-0.2998230755329132,"y":0.3253311216831207,"z":-0.10956979542970658,"w":-0.8901053667068481},"size":6.94843864440918,"orthographic":true}