{"cameraMode":{"drawMode":0,"name":"Shaded","section":"Shading Mode"},"sceneLighting":false,"audioPlay":false,"sceneViewState":{"showFog":true,"showMaterialUpdate":false,"showSkybox":false,"showFlares":true,"showImageEffects":true,"showParticleSystems":true},"in2DMode":false,"pivot":{"x":57.8530158996582,"y":0.8962744474411011,"z":59.532615661621097},"rotation":{"x":0.5645138621330261,"y":-0.04575430601835251,"z":0.03136318176984787,"w":0.8235591650009155},"size":7.067249774932861,"orthographic":true}