{"cameraMode":{"drawMode":0,"name":"Shaded","section":"Shading Mode"},"sceneLighting":true,"audioPlay":false,"sceneViewState":{"showFog":true,"showMaterialUpdate":false,"showSkybox":false,"showFlares":true,"showImageEffects":true,"showParticleSystems":true},"in2DMode":false,"pivot":{"x":-4.134675025939941,"y":5.00649356842041,"z":0.546875},"rotation":{"x":0.4438554346561432,"y":0.004033081699162722,"z":-0.001996629638597369,"w":0.896094560623169},"size":120.0311279296875,"orthographic":true}