{"cameraMode":{"drawMode":0,"name":"Shaded","section":"Shading Mode"},"sceneLighting":false,"audioPlay":false,"sceneViewState":{"showFog":true,"showMaterialUpdate":false,"showSkybox":false,"showFlares":true,"showImageEffects":true,"showParticleSystems":true},"in2DMode":false,"pivot":{"x":40.12773132324219,"y":0.5332913994789124,"z":19.91933250427246},"rotation":{"x":0.008367265574634076,"y":0.6983081102371216,"z":0.008163737133145333,"w":-0.7157019376754761},"size":4.041658401489258,"orthographic":true}