{"cameraMode":{"drawMode":0,"name":"Shaded","section":"Shading Mode"},"sceneLighting":false,"audioPlay":false,"sceneViewState":{"showFog":true,"showMaterialUpdate":false,"showSkybox":false,"showFlares":true,"showImageEffects":true,"showParticleSystems":true},"in2DMode":false,"pivot":{"x":7.853899955749512,"y":0.0,"z":14.115045547485352},"rotation":{"x":-0.21897409856319428,"y":-0.01990601420402527,"z":0.004468195140361786,"w":-0.9755172729492188},"size":2.8578836917877199,"orthographic":false}